Question Number,Name
1,Two Sum
4,Median of Two Sorted Arrays
7,Reverse Integer
9,Palindrome Number
15,3Sum
26,Remove Duplicates from Sorted Array
27,Remove Element
31,Next Permutation
42,Trapping Rain Water
48,Rotate Image
53,Maximum Subarray
54,Spiral Matrix
58,Length of Last Word
59,Spiral Matrix II
66,Plus One
73,Set Matrix Zeroes
74,Search a 2D Matrix
75,Sort Colors
80,Remove Duplicates from Sorted Array II
88,Merge Sorted Array
118,Pascal's Triangle
125,Valid Palindrome
134,Gas Station
151,Reverse Words in a String
167,Two Sum II - Input Array Is Sorted
169,Majority Element
189,Rotate Array
202,Happy Number
238,Product of Array Except Self
242,Valid Anagram
283,Move Zeroes
344,Reverse String
389,Find the Difference
498,Diagonal Traverse
557,Reverse Words in a String III
566,Reshape the Matrix
704,Binary Search
724,Find Pivot Index
877,Stone Game
896,Monotonic Array
1492,The Kth Factor of N
1572,Matrix Diagonal Sum
1678,Goal Parser Interpretation
1991,Find the Middle Index in Array
2529,Maximum Count of Positive Integer and Negative Integer
3110,Score of a String
3658,GCD of Odd and Even Sums
